"";"Chuva em 24 horas (mm)";"Chuva em 7 dias (mm)";"Chuva em 14 dias (mm)";"Chuva em 28 dias (mm)"
"10100000_TABATINGA";5,75;41,43;82,45;154,02
"13438000_ASSIS_BRASIL";2,42;44,34;324,32;409,23
"13459000_BRASILÉIA";2,49;38,28;258,81;344,4
"13550000_XAPURI";2,23;36,7;243,32;326,07
"13568000_CAPIXABA";1,42;35,4;211,86;294,01
"13600002_RIO_BRANCO";1,89;38,28;198,64;272,9
"14100000_MANACAPURU";3,23;48,97;91,54;192,25
"14420000_SERRINHA";0;27,62;35,98;92,48
"14620000_BOA_VISTA";0;2,88;6,08;11,54
"14710000_CARACARAÍ";0;2,52;5,39;11,29
"14990000_MANAUS";0,02;28,89;42,37;77,78
"15130000_PIMENTEIRAS";0,89;7,79;60,24;113,29
"15150000_PEDRAS_NEGRAS";1,79;11,64;65,62;127,76
"15200000_PRINCIPE_DA_BEIRA";2,8;10;71,33;133,65
"15250000_GUAJARA-MIRIM";6,31;15,14;82,41;160,24
"15318000_UHE_JIRAU_JUSANTE_RIO_BENI";5,9;23,79;106,48;192,08
"15320002_ABUNA";5,88;23,81;106,65;192,28
"15326000_MORADA_NOVA";1,04;32,63;175,69;277,04
"15400000_PORTO_VELHO";5,59;24,3;109,97;196,66
"15430000_ARIQUEMES";6,58;19,59;76,54;169,91
"15490000_PROSPERIDADE";5,58;24,29;109,92;196,64
"15560000_JI-PARANA";0,71;16,25;85,65;170,4
"15580000_TABAJARA";0,75;18,51;87,73;174,97
"18460000_BOA_SORTE";25,62;66,2;141,03;229,27
"18500000_BOA_ESPERANÇA";28,84;81,19;135,83;232,3
"18700000_PEDRA_DO_Ó";52,54;123,71;216,11;324
"18850000_ALTAMIRA";32,22;82,43;156,3;255,48
"23700000_DESCARRETO";17,87;36,06;127,15;211,17
"24700000_BARRA";11,47;17,3;59,51;127,48
"24850000_ARAGUAIANA";12,13;18,15;63,97;135,85
"25200000_ARUANÃ";13;17,61;72,41;157,81
"25700000_BANDEIRANTES";12,41;16,66;70,08;154,58
"26350000_SAO_FELIX_DO_ARAGUAIA";9,8;15,72;68,18;147,66
"27320000_ARAGUACEMA_CHACARA_ARAGUAIA";12,55;21,71;72,71;149,82
"27500000_CONCEICAO_DO_ARAGUAIA";12,27;21,61;72,57;150,18
"28300000_XAMBIOA";12,61;25,56;77,29;157,54
"28850000_ARAGUATINS";13,54;28,06;80,39;161,68
"29050000_MARABA";15,66;32,11;101,67;184,16
"29200000_ITUPIRANGA";15,67;33,24;101,99;187,97
"33530000_MONTEVIDÉU";24,29;57,96;138,42;253,7
"33530000_MONTEVIDÉU_TOTAL";24,29;57,96;138,42;253,7
"33550000_CAXIAS";26,4;98,47;163,1;338,64
"33550000_CAXIAS_TOTAL";24,61;64,19;142,21;266,75
"33590000_CODÓ";NA;NA;NA;NA
"33590000_CODÓ_TOTAL";24,71;67,92;150,93;280,59
"33630000_COROATÁ";NA;NA;NA;NA
"33630000_COROATÁ_TOTAL";24,33;68,52;153,84;285,07
"33680000_CANTANHEDE";10,78;45,27;202,65;332,72
"33680000_CANTANHEDE_TOTAL";22,67;65,66;159,75;290,84
"33690000_ITAPECURU_MIRIM";9,93;29,19;98,87;196,13
"33691000_ITAPECURU_MIRIM_TOTAL";22,37;64,81;158,33;288,62
"34311000_BARÃO_DE_GRAJAÚ";15,73;26,17;112,68;198,44
"34660000_FAZENDA_VENEZA";17,32;30,66;122,39;209,26
"34690000_TERESINA_-_CHESF";17,37;30,83;122,35;210,15
"34790000_FAZENDA_CANTINHO";19,64;56,21;164,21;274,4
"39700000_SANTANA_DO_MUNDAÚ";0,45;25,93;41,87;95,01
"39720000_SÃO_JOSÉ_DA_LAJE";0,31;32,2;38,91;73,05
"39740000_UNIÃO_DOS_PALMARES";0,4;21,42;32,39;73,56
"39760000_MURICI_-_PONTE";0,34;18,75;29,07;68,44
"39770000_FAZENDA_BOA_FORTUNA";0,3;16,75;27,64;70,32
"41195000_RIO_ACIMA";0,29;3,38;62,04;122,68
"41200430_RAPOSOS";0,25;3,73;63,95;124,57
"41260000_PINHÕES";0,11;6,92;62,99;118,9
"41340000_PONTE_RAUL_SOARES";0,09;7,98;60,25;110,69
"41410000_JEQUITIBÁ";0,07;7,45;54,67;101,81
"41650002_PONTE_DO_LICÍNIO_JUSANTE";0,4;6,75;45,89;98,35
"41818000_SANTO_HIPÓLITO";0,45;5,5;46;101,6
"41990000_VÁRZEA_DA_PALMA";0,74;9,03;65,72;130,46
"42980000_PORTO_ALEGRE";5,24;17,45;74,14;157,23
"43429998_ARINOS_MONTANTE";35,33;38,51;94,13;231,06
"44200000_SAO_FRANCISCO";5,52;13,48;74,14;148,23
"44940000_GADO_BRAVO";6,03;24,32;154,58;252,5
"45131000_SÃO_GONÇALO";27,44;28,57;63,48;191,89
"45960001_PORTO_NOVO";18,5;24,55;79,91;168,48
"46902000_BOQUEIRÃO";19,97;23,33;133,61;213,09
"56110000_PONTE_NOVA";0,02;36,21;96,46;155,9
"56540001_CACHOEIRA_DOS_ÓCULOS";0,02;22,28;87,45;134,36
"56660000_NOVA_ERA";0,12;29,5;70,54;100,67
"56696000_MARIO_DE_CARVALHO";0,1;25,27;68,86;110,39
"56719998_BELO_ORIENTE";0,06;21,52;83,26;129,43
"56825000_NAQUE_VELHO";0,32;6,82;58,09;134,92
"56850000_GOVERNADOR_VALADARES";0,12;14,93;75,95;135,62
"56892000_VILA_MATIAS";0,06;10,07;84,08;153,29
"56920000_TUMIRITINGA";0,11;13,33;78,75;141,74
"56990000_SÃO_SEBASTIÃO_DA_ENCRUZILHADA";0,03;19,38;89,93;142,86
"56994500_COLATINA";0,09;13,53;78,54;138,52
"58730001_GUARANI";0,1;26,84;105,05;171,62
"58735000_ASTOLFO_DUTRA";0,07;22,73;99,93;167,54
"58736000_BARRA_DO_XOPOTÓ";0,17;28,15;72,06;115,36
"58770000_CATAGUASES";0,1;26,66;99,63;175,88
"58790000_SANTO_ANTÔNIO_DE_PÁDUA";0,07;26,04;89,73;156,19
"58792100_APERIBÉ";0,07;25,17;87,29;151,89
"58920000_PATROCÍNIO_DO_MURIAÉ";0,02;44,25;97,17;130,54
"58930000_CARANGOLA";0;56,39;96,87;130,05
"58934000_PORCIUNCULA";0;43,56;99,55;131,8
"58940000_ITAPERUNA";0,01;40,2;95,57;124,75
"58960000_CARDOSO_MOREIRA";0,01;39,44;93,38;121,67
"66010000_BARRA_DO_BUGRES";7,22;17,96;66,71;112,34
"66070004_CACERES_DNPVN";6,1;27,32;66,18;121,46
"66077500_HOTEL_BAIAZINHA";6,6;24,26;61,14;114,25
"66090000_DESCALVADOS";7,02;22,9;55,84;110,45
"66120000_PORTO_CONCEICAO";9,57;23,66;53;106,06
"66125000_BELA_VISTA_DO_NORTE";11,33;24,51;52,31;106,26
"66260002_CUIABA";4,19;17,81;48,95;89,5
"66270000_SANTO_ANTONIO_DO_LEVERGER";4,22;18,18;47,3;86,99
"66460000_CORREGO_GRANDE";15,49;19,71;29,43;77,4
"66470000_SAO_JOSE_DO_BORIREU";3,14;13,87;37,11;79,18
"66600000_SAO_JERONIMO";12,91;23,64;37,72;114,14
"66650000_SAO_JOSE_DO_PIQUIRI";8,55;17,62;34,71;87,26
"66750000_PORTO_DO_ALEGRE";8,39;17,14;33,54;86,78
"66800000_AMOLAR";8,79;16,92;40,93;96,48
"66810000_SÃO_FRANCISCO";8,87;16,94;40,84;96,38
"66825000_LADÁRIO";8,75;16,54;40,66;95,98
"66870000_COXIM";3,94;19,76;58,63;155,63
"66895000_PORTO_DA_MANGA";8,55;17,93;41,35;99,01
"66900000_PONTE_MT738";4,91;8,89;23,21;109,48
"66910000_MIRANDA";3,9;9,27;22,05;113,17
"66941000_PALMEIRAS";0,29;10,53;34,73;88,26
"66945000_AQUIDAUANA";0,28;9,11;30,12;93,03
"66960008_PORTO_ESPERANÇA";7;17,73;40,85;108,32
"66970000_FORTE_COIMBRA";6,99;17,68;40,77;108,2
"67030000_BARRANCO_BRANCO";6,77;14,01;35,4;104,23
"67100000_PORTO_MURTINHO";7,05;14,14;35,25;104,88
"71200000_Vila_Canoas";5,96;27,81;38,83;105,78
"71300000_Rio_Bonito";4,58;34,12;43,46;104,18
"71350001_Encruzilhada_II";4,04;34,22;42,38;115,2
"72715000_Rio_das_Antas";0,02;45,87;73,62;105,58
"72810000_Tangara";0,04;33,71;55,48;87,02
"72849000_Joacaba_I";0,06;35,32;52,73;88,59
"73770000_Porto_Fae_Novo";1,04;44,49;72,03;120
"73900000_Saudades";0,12;53;66,2;141,31
"73960000_Barra_do_Chapeco_Aux.";1,01;50,2;75,12;134,49
"74100000_IRAI";2,48;46;58,79;121,74
"74295000_Linha_Jatai";0,25;49,16;79,12;112,18
"74300000_Guatapara_de_Baixo";0,38;60,14;92,26;156,29
"74320000_Ponte_do_Sargento";0,79;77,96;97,2;149,55
"74329000_ITAPIRANGA";2,7;46,42;59,97;123,75
"74500000_ALTO_URUGUAI";3,08;45,2;59,69;121,75
"74720000_PORTO_MAUA";3,21;45,18;60,16;121,08
"74800000_PORTO_LUCENA";3,21;45,88;61,18;121,6
"75230000_Santo_Angelo";9,85;50,68;57,02;142,91
"75550000_GARRUCHOS";3,63;45,2;59,62;122,69
"75780000_PASSO_SAO_BORJA";3,61;45,58;61,84;125,86
"75900000_ITAQUI";3,45;45,31;61,62;124,21
"76251000_Dom_Pedrito";0;18,71;19,88;27,99
"76300000_Ponte_Ibicui_da_Armada";0;31,38;36,99;51,84
"76310000_ROSARIO_DO_SUL";NA;NA;NA;NA
"76310000_ROSÁRIO_DO_SUL";0,67;99,81;119,44;206,54
"76560000_MANOEL_VIANA";0,21;45,6;54,62;73,68
"76750000_ALEGRETE";0;52,45;59,9;78,05
"76800000_PASSO_MARIANO_PINTO";0,17;49,7;58,33;77,09
"77150000_URUGUAIANA";2,73;47,89;62,46;112,86
"77500000_QUARAÍ";0;59,03;66,48;95,4
"86510000_MUÇUM";7,33;34,73;38,37;110,64
"87170000_BARCA_DO_CAÍ";17,04;33,52;36,21;135,44
"sem_código_76742000_PassodoOsorio";0;54,34;69,42;85,69
"sem_código_86472000_LinhaJoseJulio";7,65;32,4;34,85;98,72
"sem_código_86472600_SantaTereza";7,2;34,87;38,26;110,56
"sem_código_86510000_Muçum";7,18;34,74;38,12;110,71
"sem_código_86560000_LinhaColombo";2,97;45,74;58,35;175,39
"sem_código_86720000_Encantado";6,73;35,51;40,08;117,87
"sem_código_86780000_BarradoFao";7,61;48,65;67,95;139,24
"sem_código_86879300_Estrela";6,98;35,82;41,52;117,83
"sem_código_86881000_BomRetirodoSul";6,96;35,53;41,08;116,8
"sem_código_86895000_PortoMariante";6,82;34,82;40,23;114,84
"sem_código_86950001_Taquari";6,65;33,71;38,95;112,45
"sem_código_87150000_LinhaGonzaga";11,77;26,04;29,64;119,25
"sem_código_87160000_NovaPalmira";13,9;29,3;33;124,63
"sem_código_87168000_SaoVendelino";25,04;46,84;47,91;171,37
"sem_código_87230000_CostaDoRioCadeia";11,41;23,05;24,32;118,82
"sem_código_87270000_PassoMontenegro";14,95;30,21;32,31;128,73
"sem_código_87290000_PontedoCaiBR-386";13,96;28,55;30,51;124,65
"sem_código_AD_Humaitа";5,13;24,12;107,26;194,7
"sem_código_AD_PARINTIS";3,29;39,11;87,19;175,71
"sem_código_AD_Pontes_e_Lacerda";5,88;19,27;84,5;130,15
"sem_código_AD_Presidente_Juscelino_Jusante";0,11;3,39;44,79;109,37
"sem_código_AD_Rio_Japura";2,1;45,46;50,44;147,4
"sem_código_AD_Rio_Jurua";0,14;48,87;131,34;237,37
"sem_código_AD_Rio_Purus";2,96;55,26;140,63;266,1
"sem_código_AD_UHE-Jirau_Jusante_Ben_Guajara_mirimi";5,06;41,43;155,57;257
"sem_código_ALERTA_Bacia_Araguaia";13,56;28,26;80,63;161,82
"sem_código_ALERTA_CPRM_ACRE";4,78;50,06;205,54;285,38
"sem_código_ALERTA_CPRM_AMAZONAS";2,45;44,11;79,66;164,57
"sem_código_ALERTA_CPRM_BRANCO";0;10,21;14,17;22,21
"sem_código_ALERTA_CPRM_CAÍ";13,41;27,48;29,38;121,65
"sem_código_ALERTA_CPRM_DOCE";0,1;13,44;78,63;138,75
"sem_código_ALERTA_CPRM_ITAPECURU";21,65;65,44;160,4;289,94
"sem_código_ALERTA_CPRM_MADEIRA";4,16;25,51;105;200,43
"sem_código_ALERTA_CPRM_MUNDAÚ";0,33;15,06;25,76;67,62
"sem_código_ALERTA_CPRM_MURIAÉ";0,01;36,3;88,01;115,36
"sem_código_ALERTA_CPRM_PARAGUAI";6,48;13,81;35,57;106,12
"sem_código_ALERTA_CPRM_PARNAÍBA";16,73;41,23;142,02;236,28
"sem_código_ALERTA_CPRM_POMBA";0,07;25,17;87,29;151,89
"sem_código_ALERTA_CPRM_SAO_FRANCISCO";11,8;24,84;96,6;166,85
"sem_código_ALERTA_CPRM_TAQUARI";6,64;33,32;38,51;111,7
"sem_código_ALERTA_CPRM_URUGUAI";2,26;48,65;62,73;110,91
"sem_código_ALERTA_CPRM_VELHAS";0,7;9,65;69,74;137,8
"sem_código_ALERTA_CPRM_XÍNGU";30,15;81,37;151,38;253,95
"sem_código_Alto_Solimoes";4,99;41,72;71,95;148,7
"sem_código_Bacia_do_rio_Madeira";1,38;28,06;91,81;198,78
"sem_código_biomaPantanal";7,72;18,29;30,75;105,2
"sem_código_LIM_Semiarido_OFICIAL_POLIGONAL";10,57;34,4;107,38;176,76
"sem_código_Medio_baixo_Solimoes";1,15;57,58;114,77;243,87
"sem_código_portomurtinho_FB";7,19;7,54;30,55;99,19
"sem_código_REDE_Codigo_20";10,8;22,45;129,92;205,84
"sem_código_REDE_Codigo_21";11,56;24,57;105,59;213,2
"sem_código_REDE_Codigo_22";18,49;34,29;116,14;197,96
"sem_código_REDE_Codigo_23";30,42;64,01;165,51;234,84
"sem_código_REDE_Codigo_24";12,66;18,31;68,14;147,18
"sem_código_REDE_Codigo_25";9,47;14,02;79,44;159,67
"sem_código_REDE_Codigo_26";14,94;24,76;70,36;146,56
"sem_código_REDE_Codigo_27";8,47;32,09;87,1;167,26
"sem_código_REDE_Codigo_28";28,64;88,7;152,53;272,6
"sem_código_REDE_Codigo_29";22,91;93,75;162,47;285,62
"sem_código_REDE_Codigo_40";2,85;8,16;46,74;98,76
"sem_código_REDE_Codigo_41";1,76;12,05;73,15;150,65
"sem_código_REDE_Codigo_42";4,14;16,15;97,3;184,49
"sem_código_REDE_Codigo_43";18,26;19,98;77,16;161,24
"sem_código_REDE_Codigo_44";9,85;20,15;118,19;206,88
"sem_código_REDE_Codigo_45";23,83;28,69;93,33;201,26
"sem_código_REDE_Codigo_53";1,94;8,83;64,07;129,41
"sem_código_REDE_Codigo_54";4,13;17,77;100,34;177,53
"sem_código_REDE_Codigo_55";0,25;10,44;63,23;122,87
"sem_código_REDE_Codigo_56";0,09;13,08;79,29;139,4
"sem_código_REDE_Codigo_57";0,04;21,53;84,15;123,92
"sem_código_REDE_Codigo_58";0,08;24,75;84,79;143,75
"sem_código_REDE_Codigo_59";0,05;15,29;46,41;85,2
"sem_código_REDE_Codigo_60";4,36;12,45;44,23;113,83
"sem_código_REDE_Codigo_61";0,42;8,04;48,32;100,3
"sem_código_sureg-pa";2,66;38,5;47,44;98,2
