"Estacao";"Nome";"Horario_Brasilia";"Horario_Rondonia";"Horario_Acre";"Nivel_Atual";"Var_Nivel_24";"Var_Nivel_7d";"Var_Nivel_14d";"Var_Nivel_21d";"Acum_Chuva_24";"Acum_Chuva_96";"Passado";"C_Max";"Ano_Max";"Mediana";"SPI"
"71200000";"Vila Canoas";2024-03-17 09:00:00;2024-03-17 08:00:00;2024-03-17 07:00:00;276;46;-313;44;65;8,4;8,4;;;;;
"71300000";"Rio Bonito";2024-03-17 09:00:00;2024-03-17 08:00:00;2024-03-17 07:00:00;430;-68;-209;41;226;9;9;225;;"1990";166;
"71350001";"Encruzilhada II";2024-03-17 09:00:00;2024-03-17 08:00:00;2024-03-17 07:00:00;472;-21;-20;104;226;32;32;225;;"2017";183;
"72715000";"Rio das Antas";2024-03-17 09:00:00;2024-03-17 08:00:00;2024-03-17 07:00:00;140;5;-34;3;-18;13,6;14,8;153;;"1997";141,5;
"72810000";"Tangará";2024-03-17 09:00:00;2024-03-17 08:00:00;2024-03-17 07:00:00;115;15;-59;18;19;16,4;17,8;92;;"2022";85;
"72849000";"Joaçaba I";2024-03-17 09:00:00;2024-03-17 08:00:00;2024-03-17 07:00:00;155;22;-184;10;12;0,2;0,4;110;;"2014";115;
"73770000";"Porto Fae Novo";2024-03-17 08:45:00;2024-03-17 07:45:00;2024-03-17 06:45:00;205;16;-49;35;83;30,6;67,4;85;;"1983";104;
"73960000";"Barra do Chapecó Aux.";2024-03-17 09:00:00;2024-03-17 08:00:00;2024-03-17 07:00:00;239;8;;47;73;22,8;50,4;165;;"1983";162,5;
"74100000";"Iraí";2024-03-17 09:00:00;2024-03-17 08:00:00;2024-03-17 07:00:00;317;-5;-28;19;124;0;0;175;;"1983";175;
"74295000";"Linha Jataí";2024-03-17 09:00:00;2024-03-17 08:00:00;2024-03-17 07:00:00;217;51;77;131;140;38,6;51,6;66;;"1983";70;
"74300000";"Guatapara de Baixo";2024-03-17 09:15:00;2024-03-17 08:15:00;2024-03-17 07:15:00;47;46;-51;45;42;26;26,8;60;;"2013";77;
"74320000";"Ponte do Sargento";2024-03-17 09:00:00;2024-03-17 08:00:00;2024-03-17 07:00:00;96;1;-109;37;55;34,4;57;;;;;
"74329000";"Itapiranga";2024-03-17 09:15:00;2024-03-17 08:15:00;2024-03-17 07:15:00;252;22;-58;42;92;35,8;65;121;;"2015";121;
"74500000";"Alto Uruguai";2024-03-17 08:30:00;2024-03-17 07:30:00;2024-03-17 06:30:00;236;-29;;-19;8;30;30,6;122;;"1965";140;
"74720000";"Porto Mauá";2024-03-17 08:30:00;2024-03-17 07:30:00;2024-03-17 06:30:00;362;12;-48;-7;27;55,2;60,4;215;;"2022";179;
"74800000";"Porto Lucena";2024-03-17 08:30:00;2024-03-17 07:30:00;2024-03-17 06:30:00;174;-3;-11;-15;8;61,2;66,8;93;;"2014";95;
"75230000";"Santo Ângelo";2024-03-17 08:45:00;2024-03-17 07:45:00;2024-03-17 06:45:00;162;6;-59;-32;1;15,6;20;67;;"1992";98,5;
"75550000";"Garruchos";2024-03-17 08:30:00;2024-03-17 07:30:00;2024-03-17 06:30:00;261;-7;23;-41;25;31;33,4;62;;"1983";69;
"75780000";"Passo São Borja";2024-03-17 08:45:00;2024-03-17 07:45:00;2024-03-17 06:45:00;399;-19;41;-29;54;22,8;53;169;;"2014";187;
"75900000";"Itaqui";2024-03-17 08:15:00;2024-03-17 07:15:00;2024-03-17 06:15:00;400;-5;101;78;135;5,8;79,4;106;;"1983";144;
"76251000";"Dom Pedrito";2023-12-02 03:15:00;2023-12-02 02:15:00;2023-12-02 01:15:00;566;-24;-381;-419;43;0;26;455;;"2002";464;
"76300000";"Ponte Ibicuí da Armada";2024-03-17 08:45:00;2024-03-17 07:45:00;2024-03-17 06:45:00;163;93;93;124;145;57,4;125;2;;"1997";77,5;
"76310000";"Rosário do Sul";2024-03-17 08:30:00;2024-03-17 07:30:00;2024-03-17 06:30:00;173;111;105;165;198;62,2;130,4;-62;;"1992";136;
"76560000";"Manoel Viana";2024-03-17 08:30:00;2024-03-17 07:30:00;2024-03-17 06:30:00;522;84;234;211;287;23,8;106,6;156;;"2009";243,5;
"76742000";"Passo do Osório";2024-03-17 07:45:00;2024-03-17 06:45:00;2024-03-17 05:45:00;465;168;291;338;434;72;164,4;127;;"2019";87;
"76750000";"Alegrete";2024-03-17 09:15:00;2024-03-17 08:15:00;2024-03-17 07:15:00;996;274;750;783;885;78;240;128;;"1959";133;
"76800000";"Passo Mariano Pinto";2024-03-17 08:30:00;2024-03-17 07:30:00;2024-03-17 06:30:00;509;100;281;268;350;18,2;76,2;88;;"1992";152;
"77150000";"Uruguaiana";2024-03-17 08:30:00;2024-03-17 07:30:00;2024-03-17 06:30:00;558;43;183;196;226;86;213,6;204;;"1983";252;
"77500000";"Quaraí";2024-03-17 09:00:00;2024-03-17 08:00:00;2024-03-17 07:00:00;832;359;648;709;770;34,6;151,8;114;;"2001";71;
